tipo_cuidador,hombre_65_dependiente,mujer_65_dependiente
Conyuge/pareja,40.76183814,13.42851462
Hijo,0.861106947,17.77609863
Hija,26.58938357,42.72738119
Otro familiar,12.27535435,8.130443428
Formal,17.07390196,15.94750447
Vecino/amigo,0,1.578842712
N.P/N.S./N.C,2.43841503,0.411214953